,bzip2_clang_6753cec9.json,bzip2_gcc_fdf4f70c.json,bzip2_go_404ae8fe.json,bzip2_rs-pure_3970256f.json,bzip2_rs-sys_836d3c64.json,bzip2_tinygo_62bbf92c.json,factorize_clang_dc3c7be0.json,factorize_gcc_26e6574e.json,factorize_go_99afecd2.json,factorize_rs_adac3d94.json,factorize_tinygo_9366fd6b.json,md5clang_82b06a1f.json,md5gcc_94fcd4a0.json,md5go_7128ae8e.json,md5rs_04526c3a.json,md5tinygo_57951e08.json,sha256clang_655206e7.json,sha256gcc_5a9c45df.json,sha256go_6b94c499.json,sha256rs_24143b9e.json,sha256swift_ec9f9b04.json,sha256tinygo_1c439ec8.json
bzip2_clang_6753cec9.json,1.00,1.00,0.02,0.02,0.02,0.13,0.03,0.03,0.03,0.09,0.12,0.05,0.05,0.03,0.09,0.12,0.05,0.05,0.03,0.09,0.45,0.12
bzip2_gcc_fdf4f70c.json,,1.00,0.02,0.02,0.02,0.13,0.03,0.03,0.03,0.09,0.12,0.05,0.05,0.03,0.09,0.12,0.05,0.05,0.03,0.09,0.45,0.12
bzip2_go_404ae8fe.json,,,1.00,0.75,0.76,0.20,0.00,0.00,0.80,0.29,0.21,0.00,0.00,0.80,0.26,0.21,0.00,0.00,0.80,0.27,0.01,0.21
bzip2_rs-pure_3970256f.json,,,,1.00,0.99,0.15,0.00,0.00,0.60,0.22,0.16,0.00,0.00,0.60,0.20,0.15,0.00,0.00,0.60,0.20,0.01,0.16
bzip2_rs-sys_836d3c64.json,,,,,1.00,0.15,0.00,0.00,0.61,0.22,0.16,0.00,0.00,0.60,0.20,0.16,0.00,0.00,0.60,0.20,0.01,0.16
bzip2_tinygo_62bbf92c.json,,,,,,1.00,0.00,0.00,0.24,0.68,0.92,0.01,0.01,0.25,0.74,0.95,0.01,0.01,0.25,0.73,0.06,0.95
factorize_clang_dc3c7be0.json,,,,,,,1.00,0.90,0.00,0.00,0.00,0.58,0.57,0.00,0.00,0.00,0.58,0.60,0.00,0.00,0.07,0.00
factorize_gcc_26e6574e.json,,,,,,,,1.00,0.00,0.00,0.00,0.60,0.57,0.00,0.00,0.00,0.60,0.60,0.00,0.00,0.07,0.00
factorize_go_99afecd2.json,,,,,,,,,1.00,0.36,0.26,0.00,0.00,0.99,0.33,0.26,0.00,0.00,0.99,0.34,0.01,0.26
factorize_rs_adac3d94.json,,,,,,,,,,1.00,0.74,0.00,0.00,0.36,0.92,0.72,0.00,0.00,0.36,0.94,0.04,0.72
factorize_tinygo_9366fd6b.json,,,,,,,,,,,1.00,0.01,0.01,0.27,0.81,0.97,0.01,0.01,0.27,0.79,0.05,0.97
md5clang_82b06a1f.json,,,,,,,,,,,,1.00,0.97,0.00,0.00,0.01,0.97,0.95,0.00,0.00,0.11,0.01
md5gcc_94fcd4a0.json,,,,,,,,,,,,,1.00,0.00,0.00,0.01,0.97,0.98,0.00,0.00,0.11,0.01
md5go_7128ae8e.json,,,,,,,,,,,,,,1.00,0.33,0.26,0.00,0.00,1.00,0.34,0.01,0.26
md5rs_04526c3a.json,,,,,,,,,,,,,,,1.00,0.78,0.00,0.00,0.33,0.98,0.04,0.78
md5tinygo_57951e08.json,,,,,,,,,,,,,,,,1.00,0.01,0.01,0.26,0.77,0.05,0.99
sha256clang_655206e7.json,,,,,,,,,,,,,,,,,1.00,0.98,0.00,0.00,0.11,0.01
sha256gcc_5a9c45df.json,,,,,,,,,,,,,,,,,,1.00,0.00,0.00,0.11,0.01
sha256go_6b94c499.json,,,,,,,,,,,,,,,,,,,1.00,0.34,0.01,0.26
sha256rs_24143b9e.json,,,,,,,,,,,,,,,,,,,,1.00,0.04,0.77
sha256swift_ec9f9b04.json,,,,,,,,,,,,,,,,,,,,,1.00,0.05
sha256tinygo_1c439ec8.json,,,,,,,,,,,,,,,,,,,,,,1.00

total duration,"73m 45.26s (4,425,264,051,338 nsec)"
